{"count":1,"gauges":{"CarDrive.CumulativeReward":{"count":37,"max":16.6919041,"min":-1.00829756,"value":-0.925932348,"weightedAverage":-0.384596378}},"self":19.5764048,"total":20.7830849,"children":{"AgentSendState":{"count":1024,"self":0.017811,"total":0.024697399999999998,"children":{"CollectObservations":{"count":4096,"self":0.0048961,"total":0.0048961,"children":null},"CollectDiscreteActionMasks":{"count":4096,"self":0.0019903,"total":0.0019903,"children":null}}},"DecideAction":{"count":1024,"self":1.167333,"total":1.167333,"children":null},"AgentAct":{"count":1024,"self":0.013649099999999999,"total":0.013649099999999999,"children":null}}}