{"count":1,"gauges":{},"self":1.6324037999999998,"total":4.7269855,"children":{"AgentSendState":{"count":584,"self":0.036008,"total":0.11916679999999999,"children":{"CollectObservations":{"count":2336,"self":0.046085999999999995,"total":0.046085999999999995,"children":null},"AgentInfo.ToProto":{"count":1752,"self":0.015038,"total":0.037072799999999996,"children":{"GenerateSensorData":{"count":1752,"self":0.0220348,"total":0.0220348,"children":null}}}}},"DecideAction":{"count":584,"self":2.9554137999999996,"total":2.9554137999999996,"children":null},"AgentAct":{"count":584,"self":0.019001399999999998,"total":0.019001399999999998,"children":null}}}