{"count":1,"gauges":{"CarDrive.CumulativeReward":{"count":16,"max":10.0897093,"min":-0.9832557,"value":0.07388266,"weightedAverage":1.02626514}},"self":16.6652864,"total":17.470709799999998,"children":{"AgentSendState":{"count":852,"self":0.0178124,"total":0.0364704,"children":{"CollectObservations":{"count":3408,"self":0.018657999999999998,"total":0.018657999999999998,"children":null}}},"DecideAction":{"count":852,"self":0.7158812,"total":0.7158812,"children":null},"AgentAct":{"count":852,"self":0.052071099999999995,"total":0.052071099999999995,"children":null}}}