{"count":1,"gauges":{},"self":16.47064,"total":16.9745428,"children":{"AgentSendState":{"count":830,"self":0.015803499999999998,"total":0.0187726,"children":{"CollectObservations":{"count":830,"self":0.0029690999999999997,"total":0.0029690999999999997,"children":null}}},"DecideAction":{"count":830,"self":0.4024661,"total":0.4024661,"children":null},"AgentAct":{"count":830,"self":0.081664,"total":0.081664,"children":null}}}