{"count":1,"gauges":{"CarDrive.CumulativeReward":{"count":2,"max":25.6885643,"min":16.2134,"value":25.6885643,"weightedAverage":18.5821915}},"self":15.680494399999999,"total":16.6171072,"children":{"AgentSendState":{"count":815,"self":0.0189328,"total":0.0367584,"children":{"CollectObservations":{"count":12225,"self":0.0178256,"total":0.0178256,"children":null}}},"DecideAction":{"count":815,"self":0.859756,"total":0.859756,"children":null},"AgentAct":{"count":815,"self":0.0390984,"total":0.0390984,"children":null}}}