{"count":1,"gauges":{},"self":3.6824575999999998,"total":3.7995164,"children":{"AgentSendState":{"count":170,"self":0.006985,"total":0.0120361,"children":{"CollectObservations":{"count":510,"self":0.0050510999999999993,"total":0.0050510999999999993,"children":null}}},"DecideAction":{"count":170,"self":0.094910299999999989,"total":0.094910299999999989,"children":null},"AgentAct":{"count":170,"self":0.009113099999999999,"total":0.009113099999999999,"children":null}}}