{"count":1,"gauges":{},"self":21.703934399999998,"total":23.1461227,"children":{"AgentSendState":{"count":1140,"self":0.0215279,"total":0.0499511,"children":{"CollectObservations":{"count":17100,"self":0.0284232,"total":0.0284232,"children":null}}},"DecideAction":{"count":1140,"self":1.3493507,"total":1.3493507,"children":null},"AgentAct":{"count":1140,"self":0.040877199999999995,"total":0.040877199999999995,"children":null}}}