{"count":1,"gauges":{},"self":24.6461392,"total":26.6419295,"children":{"AgentSendState":{"count":1319,"self":0.026365799999999998,"total":0.0539256,"children":{"CollectObservations":{"count":19785,"self":0.0216155,"total":0.0216155,"children":null},"CollectDiscreteActionMasks":{"count":19785,"self":0.0059443,"total":0.0059443,"children":null}}},"DecideAction":{"count":1319,"self":1.6442386999999998,"total":1.6442386999999998,"children":null},"AgentAct":{"count":1319,"self":0.2966261,"total":0.2966261,"children":null}}}